"Message",Low,"Starting .NET Native compilation"
"Message",Low,""
"Message",Low,""
"Message",Low,"Task ""Gatekeeper"""
"Message",Normal,"Launching 'C:\Program Files (x86)\Microsoft SDKs\NuGetPackagesFallback\microsoft.net.native.compiler\1.7.2\tools\x86\ilc\Tools\Gatekeeper.exe @""C:\Users\Dara\source\repos\mobileApps2017\mobileApps2017\obj\x86\Release\ilc\intermediate\gkargs.rsp""'"
"Message",Low,"Microsoft (R) .NET Native Gatekeeper Version 1.7.25916.00 "
"Message",Low,"Copyright (C) Microsoft Corporation.  All rights reserved. "
"Message",Low," "
"Message",Low,"Checking assembly 'C:\Users\Dara\source\repos\mobileApps2017\mobileApps2017\obj\x86\Release\ilc\in\Ensure.That.dll'. "
"Message",Low,"Checking assembly 'C:\Users\Dara\source\repos\mobileApps2017\mobileApps2017\obj\x86\Release\ilc\in\Microsoft.Azure.Mobile.Client.dll'. "
"Message",Low,"Checking assembly 'C:\Users\Dara\source\repos\mobileApps2017\mobileApps2017\obj\x86\Release\ilc\in\Microsoft.Azure.Mobile.Client.SQLiteStore.dll'. "
"Message",Low,"Checking assembly 'C:\Users\Dara\source\repos\mobileApps2017\mobileApps2017\obj\x86\Release\ilc\in\Microsoft.Threading.Tasks.dll'. "
"Message",Low,"Checking assembly 'C:\Users\Dara\source\repos\mobileApps2017\mobileApps2017\obj\x86\Release\ilc\in\Microsoft.Threading.Tasks.Extensions.dll'. "
"Message",Low,"Checking assembly 'C:\Users\Dara\source\repos\mobileApps2017\mobileApps2017\obj\x86\Release\ilc\in\mobileApps2017.exe'. "
"Message",Low,"Checking assembly 'C:\Users\Dara\source\repos\mobileApps2017\mobileApps2017\obj\x86\Release\ilc\in\MyCouch.dll'. "
"Message",Low,"Checking assembly 'C:\Users\Dara\source\repos\mobileApps2017\mobileApps2017\obj\x86\Release\ilc\in\Newtonsoft.Json.dll'. "
"Message",Low,"Checking assembly 'C:\Users\Dara\source\repos\mobileApps2017\mobileApps2017\obj\x86\Release\ilc\in\SQLitePCLRaw.batteries_green.dll'. "
"Message",Low,"Checking assembly 'C:\Users\Dara\source\repos\mobileApps2017\mobileApps2017\obj\x86\Release\ilc\in\SQLitePCLRaw.batteries_v2.dll'. "
"Message",Low,"Checking assembly 'C:\Users\Dara\source\repos\mobileApps2017\mobileApps2017\obj\x86\Release\ilc\in\SQLitePCLRaw.core.dll'. "
"Message",Low,"Checking assembly 'C:\Users\Dara\source\repos\mobileApps2017\mobileApps2017\obj\x86\Release\ilc\in\SQLitePCLRaw.provider.e_sqlite3.dll'. "
"Message",Normal,"'C:\Program Files (x86)\Microsoft SDKs\NuGetPackagesFallback\microsoft.net.native.compiler\1.7.2\tools\x86\ilc\Tools\Gatekeeper.exe @""C:\Users\Dara\source\repos\mobileApps2017\mobileApps2017\obj\x86\Release\ilc\intermediate\gkargs.rsp""' completed."
"Message",Normal,"Process execution statistics (all times in milliseconds)"
"Message",Normal,"-----------------------------------------------------------------------------"
"Message",Normal,"launch  |  start   |   stop   |   end    | duration | lifetime | [slot] name"
"Message",Normal,"-----------------------------------------------------------------------------"
"Message",Normal,"       0 |       16 |      922 |      922 |      906 |      922 | [0] Gatekeeper"
"Message",Normal,"Number of commands:      1"
"Message",Normal,"Total system time:       922 ms"
"Message",Normal,"System time per command: 922 ms"
"Message",Normal,"Total duration:          906 ms"
"Message",Normal,"Total lifetime:          922 ms"
"Message",Normal,"Requested DOP:           4"
"Message",Normal,"Duration DOP:            1.0"
"Message",Normal,"Lifetime DOP:            1.0"
"Message",Low,"Done executing task ""Gatekeeper""."
"Message",Low,"Done building target ""RunGatekeeper"" in file ""Preparation""."
"Message",Low,""
"Message",Low,"Task ""InjectWindowsRuntimeTypeForwards"""
"Message",Normal,"Running 'InjectWindowsRuntimeTypeForwards' transform, heap at 12 MB."
"Message",Normal,"Running 'WriteAssemblies' transform, heap at 16 MB."
"Message",Normal,""
"Message",Normal,"Transform summary"
"Message",Normal,"    ms | heap delta | name"
"Message",Normal,"   971 |          4 | InjectWindowsRuntimeTypeForwards"
"Message",Normal,"   459 |          2 | WriteAssemblies"
"Message",Low,"Done executing task ""InjectWindowsRuntimeTypeForwards""."
"Message",Low,"Done building target ""InjectWindowRuntimeTypeForwards"" in file ""Preparation""."
"Message",Low,""
"Message",Low,"Task ""PreResolveAssemblyClosure"""
"Warning",,0,0,"ILTransform : warning ILT0010: Could not find assembly 'System.Reflection.Emit.ILGeneration, Version=4.0.0.0, Culture=neutral, PublicKeyToken=b03f5f7f11d50a3a' referenced by 'MyCouch'."
"Warning",,0,0,"ILTransform : warning ILT0010: Could not find assembly 'System.Reflection.Emit.Lightweight, Version=4.0.0.0, Culture=neutral, PublicKeyToken=b03f5f7f11d50a3a' referenced by 'MyCouch'."
"Message",Low,"Done executing task ""PreResolveAssemblyClosure""."
"Message",Low,"Task ""PreResolveTransforms"""
"Message",Normal,"Running 'ResolveSelfReferences' transform, heap at 22 MB."
"Message",Normal,"Running 'RemoveDuplicateMembers' transform, heap at 69 MB."
"Message",Normal,"Running 'PortableLib' transform, heap at 69 MB."
"Warning",,0,0,"ILTransform : warning ILT0017: Assembly 'Microsoft.Threading.Tasks.Extensions' requests the address of the virtual method 'Stream.BeginRead(byte[], int, int, AsyncCallback, object)' which is not available in the targeted .NET platform. Please ask the author of 'Microsoft.Threading.Tasks.Extensions' to provide an implementation that can be used in the currently targeted .NET platform."
"Warning",,0,0,"ILTransform : warning ILT0017: Assembly 'Microsoft.Threading.Tasks.Extensions' requests the address of the virtual method 'Stream.EndRead(IAsyncResult)' which is not available in the targeted .NET platform. Please ask the author of 'Microsoft.Threading.Tasks.Extensions' to provide an implementation that can be used in the currently targeted .NET platform."
"Warning",,0,0,"ILTransform : warning ILT0017: Assembly 'Microsoft.Threading.Tasks.Extensions' requests the address of the virtual method 'Stream.BeginWrite(byte[], int, int, AsyncCallback, object)' which is not available in the targeted .NET platform. Please ask the author of 'Microsoft.Threading.Tasks.Extensions' to provide an implementation that can be used in the currently targeted .NET platform."
"Warning",,0,0,"ILTransform : warning ILT0017: Assembly 'Microsoft.Threading.Tasks.Extensions' requests the address of the virtual method 'Stream.EndWrite(IAsyncResult)' which is not available in the targeted .NET platform. Please ask the author of 'Microsoft.Threading.Tasks.Extensions' to provide an implementation that can be used in the currently targeted .NET platform."
"Message",Normal,"Running 'WriteAssemblies' transform, heap at 114 MB."
"Message",Normal,""
"Message",Normal,"Transform summary"
"Message",Normal,"    ms | heap delta | name"
"Message",Normal,"   799 |         47 | ResolveSelfReferences"
"Message",Normal,"   432 |         45 | PortableLib"
"Message",Normal,"   199 |          9 | WriteAssemblies"
"Message",Normal,"     0 |          0 | RemoveDuplicateMembers"
"Message",Low,"Done executing task ""PreResolveTransforms""."
"Message",Low,"Done building target ""PreResolveTransforms"" in file ""Preparation""."
"Message",Low,""
"Message",Low,"Task ""InitialAssemblyClosure"""
"Message",Low,"Done executing task ""InitialAssemblyClosure""."
"Message",Low,"Task ""ResolveInitialReferencesAssemblyClosure1"""
"Warning",,0,0,"ILTransform : warning ILT0010: Could not find assembly 'System.Reflection.Emit.ILGeneration, Version=4.0.0.0, Culture=neutral, PublicKeyToken=b03f5f7f11d50a3a' referenced by 'MyCouch'."
"Warning",,0,0,"ILTransform : warning ILT0010: Could not find assembly 'System.Reflection.Emit.Lightweight, Version=4.0.0.0, Culture=neutral, PublicKeyToken=b03f5f7f11d50a3a' referenced by 'MyCouch'."
"Message",Low,"Done executing task ""ResolveInitialReferencesAssemblyClosure1""."
"Message",Low,"Task ""ResolveInitialReferencesAssemblyClosure2"""
"Warning",,0,0,"ILTransform : warning ILT0010: Could not find assembly 'System.Reflection.Emit.ILGeneration, Version=4.0.0.0, Culture=neutral, PublicKeyToken=b03f5f7f11d50a3a' referenced by 'MyCouch'."
"Warning",,0,0,"ILTransform : warning ILT0010: Could not find assembly 'System.Reflection.Emit.Lightweight, Version=4.0.0.0, Culture=neutral, PublicKeyToken=b03f5f7f11d50a3a' referenced by 'MyCouch'."
"Message",Low,"Done executing task ""ResolveInitialReferencesAssemblyClosure2""."
"Message",Low,"Done building target ""ResolveInitialReferences"" in file ""Preparation""."
"Message",Low,"Done building project ""Preparation""."
"Message",Low,""
"Message",Low,""
"Message",High,"Processing application code"
"Message",Low,"Task ""ValidateSimpleNames"""
"Message",Low,"Done executing task ""ValidateSimpleNames""."
"Message",Low,"Task ""McgContractsResolveFilePath"""
"Message",Low,"Done executing task ""McgContractsResolveFilePath""."
"Message",Low,"Task ""McgFacadeResolveFilePath"""
"Message",Low,"Done executing task ""McgFacadeResolveFilePath""."
"Message",Low,"Task ""FinalAssemblyClosureRootsResolveFilePaths"""
"Message",Low,"Done executing task ""FinalAssemblyClosureRootsResolveFilePaths""."
"Message",Low,"Task ""FinalAssemblyClosure"""
"Warning",,0,0,"ILTransform : warning ILT0010: Could not find assembly 'System.Reflection.Emit.ILGeneration, Version=4.0.0.0, Culture=neutral, PublicKeyToken=b03f5f7f11d50a3a' referenced by 'MyCouch'."
"Warning",,0,0,"ILTransform : warning ILT0010: Could not find assembly 'System.Reflection.Emit.Lightweight, Version=4.0.0.0, Culture=neutral, PublicKeyToken=b03f5f7f11d50a3a' referenced by 'MyCouch'."
"Message",Low,"Done executing task ""FinalAssemblyClosure""."
"Message",Low,"Task ""RunILTransforms"""
"Message",Normal,"Running 'Analysis' transform, heap at 87 MB."
"Message",Low,"Loading 101 modules..."
"Message",Normal,"Imported reflection directives from 16 files:"
"Message",Normal,"C:\Users\Dara\source\repos\mobileApps2017\mobileApps2017\obj\x86\Release\ilc\in\Properties\Default.rd.xml"
"Message",Normal,"Embedded manifest in System.Diagnostics.Tracing: Resources.System.Diagnostics.Tracing.rd.xml"
"Message",Normal,"Embedded manifest in System.Private.Reflection: System.Private.Reflection.rd.xml"
"Message",Normal,"Embedded manifest in System.Private.CoreLib: Resources.System.Private.CoreLib.rd.xml"
"Message",Normal,"Embedded manifest in System.Private.Uri: Resources.System.Private.Uri.rd.xml"
"Message",Normal,"Embedded manifest in System.Private.Reflection.Core: System.Private.Reflection.Core.rd.xml"
"Message",Normal,"Embedded manifest in System.Linq.Expressions: Resources.System.Linq.Expressions.rd.xml"
"Message",Normal,"Embedded manifest in System.Runtime.Serialization.Primitives: System.Runtime.Serialization.Primitives.Resources.System.Runtime.Serialization.Primitives.rd.xml"
"Message",Normal,"Embedded manifest in System.Xml.XDocument: System.Xml.Resources.System.Xml.XDocument.rd.xml"
"Message",Normal,"Embedded manifest in System.Dynamic.Runtime: Resources.System.Dynamic.Runtime.rd.xml"
"Message",Normal,"Embedded manifest in Microsoft.CSharp: Microsoft.CSharp.Resources.Microsoft.CSharp.rd.xml"
"Message",Normal,"Embedded manifest in System.Private.PortableThunks: Resources.System.Private.PortableThunks.rd.xml"
"Message",Normal,"Embedded manifest in System.Xml.ReaderWriter: System.Xml.Resources.System.Xml.ReaderWriter.rd.xml"
"Message",Normal,"Embedded manifest in System.Private.Interop: Resources.System.Private.Interop.rd.xml"
"Message",Normal,"Embedded manifest in Microsoft.Azure.Mobile.Client: Microsoft.WindowsAzure.MobileServices.Properties.Microsoft.Azure.Mobile.Client.rd.xml"
"Message",Normal,"Newtonsoft.Json"
"Message",Normal,"Imported XAML Roots from 1 files:"
"Message",Normal,"C:\Users\Dara\source\repos\mobileApps2017\mobileApps2017\obj\x86\Release\ilc\in\mobileApps2017.xr.xml"
"Message",Normal,"Running 'Mcg' transform, heap at 278 MB."
"Message",High,"Computing application closure and generating interop code"
"Message",Normal,"  List of .lib files:"
"Message",Normal,"      WindowsApp.lib"
"Message",Normal,"      winsqlite3.lib"
"Message",Normal,"  List of .lib search paths:"
"Message",Normal,"      C:\Program Files (x86)\Windows Kits\10\lib\10.0.14393.0\um\x86"
"Message",Normal,"  Loading exports from libs..."
"Message",Normal,"      2526 exports read from 'C:\Program Files (x86)\Windows Kits\10\lib\10.0.14393.0\um\x86\WindowsApp.lib'."
"Message",Normal,"      231 exports read from 'C:\Program Files (x86)\Windows Kits\10\lib\10.0.14393.0\um\x86\winsqlite3.lib'."
"Message",High,"  Loading 101 modules..."
"Message",Normal,"          P/Invoke 'sqlite3_close' resolved to 'e_sqlite3!sqlite3_close' from 'e_sqlite3'."
"Message",Normal,"          P/Invoke 'sqlite3_close_v2' resolved to 'e_sqlite3!sqlite3_close_v2' from 'e_sqlite3'."
"Message",Normal,"          P/Invoke 'sqlite3_enable_shared_cache' resolved to 'e_sqlite3!sqlite3_enable_shared_cache' from 'e_sqlite3'."
"Message",Normal,"          P/Invoke 'sqlite3_interrupt' resolved to 'e_sqlite3!sqlite3_interrupt' from 'e_sqlite3'."
"Message",Normal,"          P/Invoke 'sqlite3_finalize' resolved to 'e_sqlite3!sqlite3_finalize' from 'e_sqlite3'."
"Message",Normal,"          P/Invoke 'sqlite3_reset' resolved to 'e_sqlite3!sqlite3_reset' from 'e_sqlite3'."
"Message",Normal,"          P/Invoke 'sqlite3_clear_bindings' resolved to 'e_sqlite3!sqlite3_clear_bindings' from 'e_sqlite3'."
"Message",Normal,"          P/Invoke 'sqlite3_stmt_status' resolved to 'e_sqlite3!sqlite3_stmt_status' from 'e_sqlite3'."
"Message",Normal,"          P/Invoke 'sqlite3_bind_parameter_name' resolved to 'e_sqlite3!sqlite3_bind_parameter_name' from 'e_sqlite3'."
"Message",Normal,"          P/Invoke 'sqlite3_column_database_name' resolved to 'e_sqlite3!sqlite3_column_database_name' from 'e_sqlite3'."
"Message",Normal,"          P/Invoke 'sqlite3_column_database_name16' resolved to 'e_sqlite3!sqlite3_column_database_name16' from 'e_sqlite3'."
"Message",Normal,"          P/Invoke 'sqlite3_column_decltype' resolved to 'e_sqlite3!sqlite3_column_decltype' from 'e_sqlite3'."
"Message",Normal,"          P/Invoke 'sqlite3_column_decltype16' resolved to 'e_sqlite3!sqlite3_column_decltype16' from 'e_sqlite3'."
"Message",Normal,"          P/Invoke 'sqlite3_column_name' resolved to 'e_sqlite3!sqlite3_column_name' from 'e_sqlite3'."
"Message",Normal,"          P/Invoke 'sqlite3_column_name16' resolved to 'e_sqlite3!sqlite3_column_name16' from 'e_sqlite3'."
"Message",Normal,"          P/Invoke 'sqlite3_column_origin_name' resolved to 'e_sqlite3!sqlite3_column_origin_name' from 'e_sqlite3'."
"Message",Normal,"          P/Invoke 'sqlite3_column_origin_name16' resolved to 'e_sqlite3!sqlite3_column_origin_name16' from 'e_sqlite3'."
"Message",Normal,"          P/Invoke 'sqlite3_column_table_name' resolved to 'e_sqlite3!sqlite3_column_table_name' from 'e_sqlite3'."
"Message",Normal,"          P/Invoke 'sqlite3_column_table_name16' resolved to 'e_sqlite3!sqlite3_column_table_name16' from 'e_sqlite3'."
"Message",Normal,"          P/Invoke 'sqlite3_column_text' resolved to 'e_sqlite3!sqlite3_column_text' from 'e_sqlite3'."
"Message",Normal,"          P/Invoke 'sqlite3_column_text16' resolved to 'e_sqlite3!sqlite3_column_text16' from 'e_sqlite3'."
"Message",Normal,"          P/Invoke 'sqlite3_errmsg' resolved to 'e_sqlite3!sqlite3_errmsg' from 'e_sqlite3'."
"Message",Normal,"          P/Invoke 'sqlite3_db_readonly' resolved to 'e_sqlite3!sqlite3_db_readonly' from 'e_sqlite3'."
"Message",Normal,"          P/Invoke 'sqlite3_db_filename' resolved to 'e_sqlite3!sqlite3_db_filename' from 'e_sqlite3'."
"Message",Normal,"          P/Invoke 'sqlite3_prepare' resolved to 'e_sqlite3!sqlite3_prepare' from 'e_sqlite3'."
"Message",Normal,"          P/Invoke 'sqlite3_prepare_v2' resolved to 'e_sqlite3!sqlite3_prepare_v2' from 'e_sqlite3'."
"Message",Normal,"          P/Invoke 'sqlite3_db_status' resolved to 'e_sqlite3!sqlite3_db_status' from 'e_sqlite3'."
"Message",Normal,"          P/Invoke 'sqlite3_complete' resolved to 'e_sqlite3!sqlite3_complete' from 'e_sqlite3'."
"Message",Normal,"          P/Invoke 'sqlite3_compileoption_used' resolved to 'e_sqlite3!sqlite3_compileoption_used' from 'e_sqlite3'."
"Message",Normal,"          P/Invoke 'sqlite3_compileoption_get' resolved to 'e_sqlite3!sqlite3_compileoption_get' from 'e_sqlite3'."
"Message",Normal,"          P/Invoke 'sqlite3_table_column_metadata' resolved to 'e_sqlite3!sqlite3_table_column_metadata' from 'e_sqlite3'."
"Message",Normal,"          P/Invoke 'sqlite3_value_text' resolved to 'e_sqlite3!sqlite3_value_text' from 'e_sqlite3'."
"Message",Normal,"          P/Invoke 'sqlite3_value_text16' resolved to 'e_sqlite3!sqlite3_value_text16' from 'e_sqlite3'."
"Message",Normal,"          P/Invoke 'sqlite3_enable_load_extension' resolved to 'e_sqlite3!sqlite3_enable_load_extension' from 'e_sqlite3'."
"Message",Normal,"          P/Invoke 'sqlite3_load_extension' resolved to 'e_sqlite3!sqlite3_load_extension' from 'e_sqlite3'."
"Message",Normal,"          P/Invoke 'sqlite3_initialize' resolved to 'e_sqlite3!sqlite3_initialize' from 'e_sqlite3'."
"Message",Normal,"          P/Invoke 'sqlite3_shutdown' resolved to 'e_sqlite3!sqlite3_shutdown' from 'e_sqlite3'."
"Message",Normal,"          P/Invoke 'sqlite3_libversion' resolved to 'e_sqlite3!sqlite3_libversion' from 'e_sqlite3'."
"Message",Normal,"          P/Invoke 'sqlite3_libversion_number' resolved to 'e_sqlite3!sqlite3_libversion_number' from 'e_sqlite3'."
"Message",Normal,"          P/Invoke 'sqlite3_threadsafe' resolved to 'e_sqlite3!sqlite3_threadsafe' from 'e_sqlite3'."
"Message",Normal,"          P/Invoke 'sqlite3_sourceid' resolved to 'e_sqlite3!sqlite3_sourceid' from 'e_sqlite3'."
"Message",Normal,"          P/Invoke 'sqlite3_malloc' resolved to 'e_sqlite3!sqlite3_malloc' from 'e_sqlite3'."
"Message",Normal,"          P/Invoke 'sqlite3_realloc' resolved to 'e_sqlite3!sqlite3_realloc' from 'e_sqlite3'."
"Message",Normal,"          P/Invoke 'sqlite3_free' resolved to 'e_sqlite3!sqlite3_free' from 'e_sqlite3'."
"Message",Normal,"          P/Invoke 'sqlite3_open' resolved to 'e_sqlite3!sqlite3_open' from 'e_sqlite3'."
"Message",Normal,"          P/Invoke 'sqlite3_open_v2' resolved to 'e_sqlite3!sqlite3_open_v2' from 'e_sqlite3'."
"Message",Normal,"          P/Invoke 'sqlite3_vfs_find' resolved to 'e_sqlite3!sqlite3_vfs_find' from 'e_sqlite3'."
"Message",Normal,"          P/Invoke 'sqlite3_open16' resolved to 'e_sqlite3!sqlite3_open16' from 'e_sqlite3'."
"Message",Normal,"          P/Invoke 'sqlite3_last_insert_rowid' resolved to 'e_sqlite3!sqlite3_last_insert_rowid' from 'e_sqlite3'."
"Message",Normal,"          P/Invoke 'sqlite3_changes' resolved to 'e_sqlite3!sqlite3_changes' from 'e_sqlite3'."
"Message",Normal,"          P/Invoke 'sqlite3_total_changes' resolved to 'e_sqlite3!sqlite3_total_changes' from 'e_sqlite3'."
"Message",Normal,"          P/Invoke 'sqlite3_memory_used' resolved to 'e_sqlite3!sqlite3_memory_used' from 'e_sqlite3'."
"Message",Normal,"          P/Invoke 'sqlite3_memory_highwater' resolved to 'e_sqlite3!sqlite3_memory_highwater' from 'e_sqlite3'."
"Message",Normal,"          P/Invoke 'sqlite3_status' resolved to 'e_sqlite3!sqlite3_status' from 'e_sqlite3'."
"Message",Normal,"          P/Invoke 'sqlite3_busy_timeout' resolved to 'e_sqlite3!sqlite3_busy_timeout' from 'e_sqlite3'."
"Message",Normal,"          P/Invoke 'sqlite3_bind_blob' resolved to 'e_sqlite3!sqlite3_bind_blob' from 'e_sqlite3'."
"Message",Normal,"          P/Invoke 'sqlite3_bind_zeroblob' resolved to 'e_sqlite3!sqlite3_bind_zeroblob' from 'e_sqlite3'."
"Message",Normal,"          P/Invoke 'sqlite3_bind_double' resolved to 'e_sqlite3!sqlite3_bind_double' from 'e_sqlite3'."
"Message",Normal,"          P/Invoke 'sqlite3_bind_int' resolved to 'e_sqlite3!sqlite3_bind_int' from 'e_sqlite3'."
"Message",Normal,"          P/Invoke 'sqlite3_bind_int64' resolved to 'e_sqlite3!sqlite3_bind_int64' from 'e_sqlite3'."
"Message",Normal,"          P/Invoke 'sqlite3_bind_null' resolved to 'e_sqlite3!sqlite3_bind_null' from 'e_sqlite3'."
"Message",Normal,"          P/Invoke 'sqlite3_bind_text' resolved to 'e_sqlite3!sqlite3_bind_text' from 'e_sqlite3'."
"Message",Normal,"          P/Invoke 'sqlite3_bind_parameter_count' resolved to 'e_sqlite3!sqlite3_bind_parameter_count' from 'e_sqlite3'."
"Message",Normal,"          P/Invoke 'sqlite3_bind_parameter_index' resolved to 'e_sqlite3!sqlite3_bind_parameter_index' from 'e_sqlite3'."
"Message",Normal,"          P/Invoke 'sqlite3_column_count' resolved to 'e_sqlite3!sqlite3_column_count' from 'e_sqlite3'."
"Message",Normal,"          P/Invoke 'sqlite3_data_count' resolved to 'e_sqlite3!sqlite3_data_count' from 'e_sqlite3'."
"Message",Normal,"          P/Invoke 'sqlite3_step' resolved to 'e_sqlite3!sqlite3_step' from 'e_sqlite3'."
"Message",Normal,"          P/Invoke 'sqlite3_sql' resolved to 'e_sqlite3!sqlite3_sql' from 'e_sqlite3'."
"Message",Normal,"          P/Invoke 'sqlite3_column_double' resolved to 'e_sqlite3!sqlite3_column_double' from 'e_sqlite3'."
"Message",Normal,"          P/Invoke 'sqlite3_column_int' resolved to 'e_sqlite3!sqlite3_column_int' from 'e_sqlite3'."
"Message",Normal,"          P/Invoke 'sqlite3_column_int64' resolved to 'e_sqlite3!sqlite3_column_int64' from 'e_sqlite3'."
"Message",Normal,"          P/Invoke 'sqlite3_column_blob' resolved to 'e_sqlite3!sqlite3_column_blob' from 'e_sqlite3'."
"Message",Normal,"          P/Invoke 'sqlite3_column_bytes' resolved to 'e_sqlite3!sqlite3_column_bytes' from 'e_sqlite3'."
"Message",Normal,"          P/Invoke 'sqlite3_column_type' resolved to 'e_sqlite3!sqlite3_column_type' from 'e_sqlite3'."
"Message",Normal,"          P/Invoke 'sqlite3_aggregate_count' resolved to 'e_sqlite3!sqlite3_aggregate_count' from 'e_sqlite3'."
"Message",Normal,"          P/Invoke 'sqlite3_value_blob' resolved to 'e_sqlite3!sqlite3_value_blob' from 'e_sqlite3'."
"Message",Normal,"          P/Invoke 'sqlite3_value_bytes' resolved to 'e_sqlite3!sqlite3_value_bytes' from 'e_sqlite3'."
"Message",Normal,"          P/Invoke 'sqlite3_value_double' resolved to 'e_sqlite3!sqlite3_value_double' from 'e_sqlite3'."
"Message",Normal,"          P/Invoke 'sqlite3_value_int' resolved to 'e_sqlite3!sqlite3_value_int' from 'e_sqlite3'."
"Message",Normal,"          P/Invoke 'sqlite3_value_int64' resolved to 'e_sqlite3!sqlite3_value_int64' from 'e_sqlite3'."
"Message",Normal,"          P/Invoke 'sqlite3_value_type' resolved to 'e_sqlite3!sqlite3_value_type' from 'e_sqlite3'."
"Message",Normal,"          P/Invoke 'sqlite3_user_data' resolved to 'e_sqlite3!sqlite3_user_data' from 'e_sqlite3'."
"Message",Normal,"          P/Invoke 'sqlite3_result_blob' resolved to 'e_sqlite3!sqlite3_result_blob' from 'e_sqlite3'."
"Message",Normal,"          P/Invoke 'sqlite3_result_double' resolved to 'e_sqlite3!sqlite3_result_double' from 'e_sqlite3'."
"Message",Normal,"          P/Invoke 'sqlite3_result_error' resolved to 'e_sqlite3!sqlite3_result_error' from 'e_sqlite3'."
"Message",Normal,"          P/Invoke 'sqlite3_result_int' resolved to 'e_sqlite3!sqlite3_result_int' from 'e_sqlite3'."
"Message",Normal,"          P/Invoke 'sqlite3_result_int64' resolved to 'e_sqlite3!sqlite3_result_int64' from 'e_sqlite3'."
"Message",Normal,"          P/Invoke 'sqlite3_result_null' resolved to 'e_sqlite3!sqlite3_result_null' from 'e_sqlite3'."
"Message",Normal,"          P/Invoke 'sqlite3_result_text' resolved to 'e_sqlite3!sqlite3_result_text' from 'e_sqlite3'."
"Message",Normal,"          P/Invoke 'sqlite3_result_zeroblob' resolved to 'e_sqlite3!sqlite3_result_zeroblob' from 'e_sqlite3'."
"Message",Normal,"          P/Invoke 'sqlite3_result_error_toobig' resolved to 'e_sqlite3!sqlite3_result_error_toobig' from 'e_sqlite3'."
"Message",Normal,"          P/Invoke 'sqlite3_result_error_nomem' resolved to 'e_sqlite3!sqlite3_result_error_nomem' from 'e_sqlite3'."
"Message",Normal,"          P/Invoke 'sqlite3_result_error_code' resolved to 'e_sqlite3!sqlite3_result_error_code' from 'e_sqlite3'."
"Message",Normal,"          P/Invoke 'sqlite3_aggregate_context' resolved to 'e_sqlite3!sqlite3_aggregate_context' from 'e_sqlite3'."
"Message",Normal,"          P/Invoke 'sqlite3_bind_text16' resolved to 'e_sqlite3!sqlite3_bind_text16' from 'e_sqlite3'."
"Message",Normal,"          P/Invoke 'sqlite3_result_error16' resolved to 'e_sqlite3!sqlite3_result_error16' from 'e_sqlite3'."
"Message",Normal,"          P/Invoke 'sqlite3_result_text16' resolved to 'e_sqlite3!sqlite3_result_text16' from 'e_sqlite3'."
"Message",Normal,"          P/Invoke 'sqlite3_config' resolved to 'e_sqlite3!sqlite3_config' from 'e_sqlite3'."
"Message",Normal,"          P/Invoke 'sqlite3_config' resolved to 'e_sqlite3!sqlite3_config' from 'e_sqlite3'."
"Message",Normal,"          P/Invoke 'sqlite3_config' resolved to 'e_sqlite3!sqlite3_config' from 'e_sqlite3'."
"Message",Normal,"          P/Invoke 'sqlite3_create_function_v2' resolved to 'e_sqlite3!sqlite3_create_function_v2' from 'e_sqlite3'."
"Message",Normal,"          P/Invoke 'sqlite3_create_collation' resolved to 'e_sqlite3!sqlite3_create_collation' from 'e_sqlite3'."
"Message",Normal,"          P/Invoke 'sqlite3_update_hook' resolved to 'e_sqlite3!sqlite3_update_hook' from 'e_sqlite3'."
"Message",Normal,"          P/Invoke 'sqlite3_commit_hook' resolved to 'e_sqlite3!sqlite3_commit_hook' from 'e_sqlite3'."
"Message",Normal,"          P/Invoke 'sqlite3_profile' resolved to 'e_sqlite3!sqlite3_profile' from 'e_sqlite3'."
"Message",Normal,"          P/Invoke 'sqlite3_progress_handler' resolved to 'e_sqlite3!sqlite3_progress_handler' from 'e_sqlite3'."
"Message",Normal,"          P/Invoke 'sqlite3_trace' resolved to 'e_sqlite3!sqlite3_trace' from 'e_sqlite3'."
"Message",Normal,"          P/Invoke 'sqlite3_rollback_hook' resolved to 'e_sqlite3!sqlite3_rollback_hook' from 'e_sqlite3'."
"Message",Normal,"          P/Invoke 'sqlite3_db_handle' resolved to 'e_sqlite3!sqlite3_db_handle' from 'e_sqlite3'."
"Message",Normal,"          P/Invoke 'sqlite3_next_stmt' resolved to 'e_sqlite3!sqlite3_next_stmt' from 'e_sqlite3'."
"Message",Normal,"          P/Invoke 'sqlite3_stmt_busy' resolved to 'e_sqlite3!sqlite3_stmt_busy' from 'e_sqlite3'."
"Message",Normal,"          P/Invoke 'sqlite3_stmt_readonly' resolved to 'e_sqlite3!sqlite3_stmt_readonly' from 'e_sqlite3'."
"Message",Normal,"          P/Invoke 'sqlite3_exec' resolved to 'e_sqlite3!sqlite3_exec' from 'e_sqlite3'."
"Message",Normal,"          P/Invoke 'sqlite3_get_autocommit' resolved to 'e_sqlite3!sqlite3_get_autocommit' from 'e_sqlite3'."
"Message",Normal,"          P/Invoke 'sqlite3_extended_result_codes' resolved to 'e_sqlite3!sqlite3_extended_result_codes' from 'e_sqlite3'."
"Message",Normal,"          P/Invoke 'sqlite3_errcode' resolved to 'e_sqlite3!sqlite3_errcode' from 'e_sqlite3'."
"Message",Normal,"          P/Invoke 'sqlite3_extended_errcode' resolved to 'e_sqlite3!sqlite3_extended_errcode' from 'e_sqlite3'."
"Message",Normal,"          P/Invoke 'sqlite3_errstr' resolved to 'e_sqlite3!sqlite3_errstr' from 'e_sqlite3'."
"Message",Normal,"          P/Invoke 'sqlite3_log' resolved to 'e_sqlite3!sqlite3_log' from 'e_sqlite3'."
"Message",Normal,"          P/Invoke 'sqlite3_file_control' resolved to 'e_sqlite3!sqlite3_file_control' from 'e_sqlite3'."
"Message",Normal,"          P/Invoke 'sqlite3_backup_init' resolved to 'e_sqlite3!sqlite3_backup_init' from 'e_sqlite3'."
"Message",Normal,"          P/Invoke 'sqlite3_backup_step' resolved to 'e_sqlite3!sqlite3_backup_step' from 'e_sqlite3'."
"Message",Normal,"          P/Invoke 'sqlite3_backup_finish' resolved to 'e_sqlite3!sqlite3_backup_finish' from 'e_sqlite3'."
"Message",Normal,"          P/Invoke 'sqlite3_backup_remaining' resolved to 'e_sqlite3!sqlite3_backup_remaining' from 'e_sqlite3'."
"Message",Normal,"          P/Invoke 'sqlite3_backup_pagecount' resolved to 'e_sqlite3!sqlite3_backup_pagecount' from 'e_sqlite3'."
"Message",Normal,"          P/Invoke 'sqlite3_blob_open' resolved to 'e_sqlite3!sqlite3_blob_open' from 'e_sqlite3'."
"Message",Normal,"          P/Invoke 'sqlite3_blob_write' resolved to 'e_sqlite3!sqlite3_blob_write' from 'e_sqlite3'."
"Message",Normal,"          P/Invoke 'sqlite3_blob_read' resolved to 'e_sqlite3!sqlite3_blob_read' from 'e_sqlite3'."
"Message",Normal,"          P/Invoke 'sqlite3_blob_write' resolved to 'e_sqlite3!sqlite3_blob_write' from 'e_sqlite3'."
"Message",Normal,"          P/Invoke 'sqlite3_blob_read' resolved to 'e_sqlite3!sqlite3_blob_read' from 'e_sqlite3'."
"Message",Normal,"          P/Invoke 'sqlite3_blob_bytes' resolved to 'e_sqlite3!sqlite3_blob_bytes' from 'e_sqlite3'."
"Message",Normal,"          P/Invoke 'sqlite3_blob_close' resolved to 'e_sqlite3!sqlite3_blob_close' from 'e_sqlite3'."
"Message",Normal,"          P/Invoke 'sqlite3_wal_autocheckpoint' resolved to 'e_sqlite3!sqlite3_wal_autocheckpoint' from 'e_sqlite3'."
"Message",Normal,"          P/Invoke 'sqlite3_wal_checkpoint' resolved to 'e_sqlite3!sqlite3_wal_checkpoint' from 'e_sqlite3'."
"Message",Normal,"          P/Invoke 'sqlite3_wal_checkpoint_v2' resolved to 'e_sqlite3!sqlite3_wal_checkpoint_v2' from 'e_sqlite3'."
"Message",Normal,"          P/Invoke 'sqlite3_set_authorizer' resolved to 'e_sqlite3!sqlite3_set_authorizer' from 'e_sqlite3'."
"Message",Normal,"          P/Invoke 'sqlite3_win32_set_directory' resolved to 'e_sqlite3!sqlite3_win32_set_directory' from 'e_sqlite3'."
"Message",Normal,"          P/Invoke 'RhWaitForPendingFinalizers' with [DllImport(ExactSpelling=true)] resolved to '[MRT]!RhWaitForPendingFinalizers'."
"Message",Normal,"          P/Invoke 'RhYield' with [DllImport(ExactSpelling=true)] resolved to '[MRT]!RhYield'."
"Message",Normal,"          P/Invoke 'RhCompatibleReentrantWaitAny' with [DllImport(ExactSpelling=true)] resolved to '[MRT]!RhCompatibleReentrantWaitAny'."
"Message",Normal,"          P/Invoke '_ecvt_s' with [DllImport(ExactSpelling=true)] resolved to '[MRT]!_ecvt_s'."
"Message",Normal,"          P/Invoke 'memmove' with [DllImport(ExactSpelling=true)] resolved to '[MRT]!memmove'."
"Message",Normal,"          P/Invoke 'CallingConventionConverter_GetStubs' with [DllImport(ExactSpelling=true)] resolved to '*!CallingConventionConverter_GetStubs'."
"Message",Normal,"          P/Invoke 'GetLastError' resolved to 'api-ms-win-core-errorhandling-l1-1-1.dll!GetLastError' from 'C:\Program Files (x86)\Windows Kits\10\lib\10.0.14393.0\um\x86\WindowsApp.lib'."
"Message",Normal,"          P/Invoke 'RoInitialize' resolved to 'api-ms-win-core-winrt-l1-1-0.dll!RoInitialize' from 'C:\Program Files (x86)\Windows Kits\10\lib\10.0.14393.0\um\x86\WindowsApp.lib'."
"Message",Normal,"          P/Invoke 'IsValidLocaleName' resolved to 'api-ms-win-core-localization-l1-2-1.dll!IsValidLocaleName' from 'C:\Program Files (x86)\Windows Kits\10\lib\10.0.14393.0\um\x86\WindowsApp.lib'."
"Message",Normal,"          P/Invoke 'ResolveLocaleName' resolved to 'api-ms-win-core-localization-l1-2-1.dll!ResolveLocaleName' from 'C:\Program Files (x86)\Windows Kits\10\lib\10.0.14393.0\um\x86\WindowsApp.lib'."
"Message",Normal,"          P/Invoke 'GetCPInfoExW' resolved to 'api-ms-win-core-localization-l1-2-1.dll!GetCPInfoExW' from 'C:\Program Files (x86)\Windows Kits\10\lib\10.0.14393.0\um\x86\WindowsApp.lib'."
"Message",Normal,"          P/Invoke 'BCryptCreateHash' resolved to 'bcrypt.dll!BCryptCreateHash' from 'C:\Program Files (x86)\Windows Kits\10\lib\10.0.14393.0\um\x86\WindowsApp.lib'."
"Message",Normal,"          P/Invoke 'BCryptGetProperty' resolved to 'bcrypt.dll!BCryptGetProperty' from 'C:\Program Files (x86)\Windows Kits\10\lib\10.0.14393.0\um\x86\WindowsApp.lib'."
"Message",Normal,"          P/Invoke 'BCryptFinishHash' resolved to 'bcrypt.dll!BCryptFinishHash' from 'C:\Program Files (x86)\Windows Kits\10\lib\10.0.14393.0\um\x86\WindowsApp.lib'."
"Message",Normal,"          P/Invoke 'BCryptHashData' resolved to 'bcrypt.dll!BCryptHashData' from 'C:\Program Files (x86)\Windows Kits\10\lib\10.0.14393.0\um\x86\WindowsApp.lib'."
"Message",Normal,"          P/Invoke 'BCryptGenRandom' resolved to 'bcrypt.dll!BCryptGenRandom' from 'C:\Program Files (x86)\Windows Kits\10\lib\10.0.14393.0\um\x86\WindowsApp.lib'."
"Message",Normal,"          P/Invoke 'BCryptOpenAlgorithmProvider' resolved to 'bcrypt.dll!BCryptOpenAlgorithmProvider' from 'C:\Program Files (x86)\Windows Kits\10\lib\10.0.14393.0\um\x86\WindowsApp.lib'."
"Message",Normal,"          P/Invoke 'CoCreateInstance' with [DllImport(ExactSpelling=true)] resolved to 'api-ms-win-core-com-l1-1-0.dll!CoCreateInstance'."
"Message",Normal,"          P/Invoke 'RtlIpv6AddressToStringExW' resolved to 'ntdll.dll!RtlIpv6AddressToStringExW' from 'C:\Program Files (x86)\Windows Kits\10\lib\10.0.14393.0\um\x86\WindowsApp.lib'."
"Message",Normal,"          P/Invoke 'RtlIpv4AddressToStringExW' resolved to 'ntdll.dll!RtlIpv4AddressToStringExW' from 'C:\Program Files (x86)\Windows Kits\10\lib\10.0.14393.0\um\x86\WindowsApp.lib'."
"Message",Normal,"          P/Invoke 'BCryptDestroyHash' resolved to 'bcrypt.dll!BCryptDestroyHash' from 'C:\Program Files (x86)\Windows Kits\10\lib\10.0.14393.0\um\x86\WindowsApp.lib'."
"Message",Normal,"          P/Invoke 'BCryptCloseAlgorithmProvider' resolved to 'bcrypt.dll!BCryptCloseAlgorithmProvider' from 'C:\Program Files (x86)\Windows Kits\10\lib\10.0.14393.0\um\x86\WindowsApp.lib'."
"Message",Normal,"          P/Invoke '#6' resolved to 'oleaut32.dll!#6' from 'C:\Program Files (x86)\Windows Kits\10\lib\10.0.14393.0\um\x86\WindowsApp.lib'."
"Message",Normal,"          P/Invoke 'FormatMessageW' resolved to 'api-ms-win-core-localization-l1-2-1.dll!FormatMessageW' from 'C:\Program Files (x86)\Windows Kits\10\lib\10.0.14393.0\um\x86\WindowsApp.lib'."
"Message",Normal,"          P/Invoke 'RoGetBufferMarshaler' resolved to 'api-ms-win-core-winrt-robuffer-l1-1-0.dll!RoGetBufferMarshaler' from 'C:\Program Files (x86)\Windows Kits\10\lib\10.0.14393.0\um\x86\WindowsApp.lib'."
"Message",High,"  Generating code..."
"Message",High,"  Interop code generated."
"Message",Normal,"  Written code to AssemblyInfo.g.cs"
"Message",Normal,"  Written code to Adapters.g.cs"
"Message",Normal,"  Written code to Data.g.cs"
"Message",Normal,"  Written code to Helpers.g.cs"
"Message",Normal,"  Written code to ImplTypes.g.cs"
"Message",Normal,"  Written code to PInvoke.g.cs"
"Message",Normal,"  Written code to SafeTypes.g.cs"
"Message",Normal,"  Written code to SharedStubs.g.cs"
"Message",Normal,"Running 'GenerateCodeAndCompile' transform, heap at 253 MB."
"Message",High,"Generating serialization code"
"Message",High,"Compiling interop code"
"Message",Normal,"Compiling generated source code: C:\Program Files (x86)\Microsoft SDKs\NuGetPackagesFallback\microsoft.net.native.compiler\1.7.2\tools\x86\ilc\csc\csc.exe /noconfig @""C:\Users\Dara\source\repos\mobileApps2017\mobileApps2017\obj\x86\Release\ilc\intermediate\mobileApps2017.McgInterop.rsp"""
"Message",High,"Generating System.Reflection.DispatchProxy proxy code."
"Message",Normal,"Running 'DumpNativeResources' transform, heap at 253 MB."
"Message",Normal,"Running 'ReducedCopyInitialize' transform, heap at 253 MB."
"Message",Normal,"Running 'ReducedCopyEmptyTypes' transform, heap at 205 MB."
"Message",Normal,"Running 'ReducedCopyPopulateTypes' transform, heap at 209 MB."
"Warning",,0,0,"ILTransform : warning ILT0005: Type 'System.Reflection.Emit.DynamicMethod' was not included in compilation, but was referenced in method 'IlDynamicPropertyFactory.CreateDynamicGetMethod(PropertyInfo)'. There may have been a missing assembly."
"Message",Normal,"Running 'ReducedCopyLateMetadata' transform, heap at 234 MB."
"Message",Normal,"Running 'ReducedCopyMethodBodies' transform, heap at 250 MB."
"Warning",,0,0,"ILTransform : warning ILT0005: Type 'System.Reflection.Emit.ILGenerator' was not included in compilation, but was referenced in method 'IlDynamicPropertyFactory.CreateIlGetter(PropertyInfo)'. There may have been a missing assembly."
"Warning",,0,0,"ILTransform : warning ILT0003: Method 'IlDynamicPropertyFactory.CreateIlGetter(PropertyInfo)' will always throw an exception due to the missing method 'DynamicMethod.GetILGenerator()'. There may have been a missing assembly."
"Warning",,0,0,"ILTransform : warning ILT0003: Method 'IlDynamicPropertyFactory.CreateDynamicGetMethod(PropertyInfo)' will always throw an exception due to the missing method 'DynamicMethod..ctor(string, Type, Type[], Module, bool)'. There may have been a missing assembly."
"Warning",,0,0,"ILTransform : warning ILT0003: Method 'IlDynamicPropertyFactory.CreateIlSetter(PropertyInfo)' will always throw an exception due to the missing method 'DynamicMethod.GetILGenerator()'. There may have been a missing assembly."
"Warning",,0,0,"ILTransform : warning ILT0003: Method 'IlDynamicPropertyFactory.CreateDynamicSetMethod(PropertyInfo)' will always throw an exception due to the missing method 'DynamicMethod..ctor(string, Type, Type[], Module, bool)'. There may have been a missing assembly."
"Message",Normal,"Running 'ReducedCopyComplete' transform, heap at 235 MB."
"Message",Normal,"Running 'ReducedCopyCleanup' transform, heap at 262 MB."
"Message",Normal,"Running 'DeveloperExperienceModeOnlyCodeRemover' transform, heap at 262 MB."
"Message",Normal,"Running 'ComImportDetector' transform, heap at 272 MB."
"Message",Normal,"Running 'McgAccessor' transform, heap at 272 MB."
"Message",Normal,"Running 'McgRedirect' transform, heap at 273 MB."
"Message",Normal,"Running 'McgRedirect' transform, heap at 279 MB."
"Message",Normal,"Running 'McgTypeOf' transform, heap at 280 MB."
"Message",Normal,"Running 'ExceptionMiniaturizer' transform, heap at 287 MB."
"Message",Normal,"Running 'EventSource' transform, heap at 300 MB."
"Message",Normal,"Running 'ValueType' transform, heap at 300 MB."
"Message",Normal,"Running 'Attribute' transform, heap at 300 MB."
"Message",Normal,"Running 'GetType' transform, heap at 301 MB."
"Message",Normal,"Running 'McgFixups' transform, heap at 301 MB."
"Message",Normal,"Running 'ResourceManagerCtor' transform, heap at 302 MB."
"Message",Normal,"Running 'TypeofTypeHandle' transform, heap at 302 MB."
"Message",Normal,"Running 'DispatchProxyIntrinsics' transform, heap at 305 MB."
"Message",Normal,"Running 'StaticInitData' transform, heap at 306 MB."
"Message",Normal,"Running 'StartupCodeInjector' transform, heap at 258 MB."
"Message",Normal,"Running 'InjectAppContextSwitches' transform, heap at 258 MB."
"Message",Normal,"Running 'ImplementLibraryDynamicInvokeHelpers' transform, heap at 258 MB."
"Message",Normal,"Running 'Delegate' transform, heap at 259 MB."
"Message",Normal,"Running 'DelegateCtorCall' transform, heap at 266 MB."
"Message",Normal,"Running 'LazyGenerics' transform, heap at 269 MB."
"Message",Normal,"Running 'AddReflectionBlockedAttributes' transform, heap at 296 MB."
"Message",Normal,"Running 'DisableOptimization' transform, heap at 296 MB."
"Message",Normal,"Running 'CreateMetadata' transform, heap at 296 MB."
"Message",Normal,"Running 'SaveRVAStatics' transform, heap at 284 MB."
"Message",Normal,"Running 'ReflectionInvoke' transform, heap at 286 MB."
"Message",Normal,"Running 'ScrubOpenCalls' transform, heap at 290 MB."
"Message",Normal,"Running 'ConvertCatchIntoFilter' transform, heap at 290 MB."
"Message",Normal,"Running 'ReflectionMappingInfoEmit' transform, heap at 290 MB."
"Message",Normal,"Running 'ConvertManagedWinMD' transform, heap at 296 MB."
"Message",Normal,"Running 'Reducer' transform, heap at 296 MB."
"Message",High,"Cleaning up unreferenced code"
"Message",Normal,"Running 'WriteAssemblies' transform, heap at 402 MB."
"Message",Normal,""
"Message",Normal,"Transform summary"
"Message",Normal,"    ms | heap delta | name"
"Message",Normal," 11005 |        191 | Analysis"
"Message",Normal,"  7114 |          0 | GenerateCodeAndCompile"
"Message",Normal,"  2785 |        106 | Reducer"
"Message",Normal,"  2553 |        -25 | Mcg"
"Message",Normal,"  2488 |        -48 | ReducedCopyInitialize"
"Message",Normal,"  1867 |        -13 | WriteAssemblies"
"Message",Normal,"  1195 |        -12 | CreateMetadata"
"Message",Normal,"   731 |        -15 | ReducedCopyMethodBodies"
"Message",Normal,"   365 |         27 | ReducedCopyComplete"
"Message",Normal,"   233 |          7 | McgTypeOf"
"Message",Normal,"   233 |        -48 | StaticInitData"
"Message",Normal,"   200 |         25 | ReducedCopyPopulateTypes"
"Message",Normal,"   192 |         27 | LazyGenerics"
"Message",Normal,"   177 |          6 | McgRedirect"
"Message",Normal,"   106 |         16 | ReducedCopyLateMetadata"
"Message",Normal,"    77 |          1 | McgRedirect"
"Message",Normal,"    76 |          0 | StartupCodeInjector"
"Message",Normal,"    60 |          0 | DumpNativeResources"
"Message",Normal,"    50 |          3 | TypeofTypeHandle"
"Message",Normal,"    50 |         13 | ExceptionMiniaturizer"
"Message",Normal,"    42 |          3 | DelegateCtorCall"
"Message",Normal,"    34 |          1 | McgAccessor"
"Message",Normal,"    29 |          7 | Delegate"
"Message",Normal,"    23 |          2 | SaveRVAStatics"
"Message",Normal,"    21 |          6 | ReflectionMappingInfoEmit"
"Message",Normal,"    19 |          4 | ReducedCopyEmptyTypes"
"Message",Normal,"    18 |          4 | ReflectionInvoke"
"Message",Normal,"    17 |         10 | DeveloperExperienceModeOnlyCodeRemover"
"Message",Normal,"    15 |          0 | GetType"
"Message",Normal,"    15 |          1 | DispatchProxyIntrinsics"
"Message",Normal,"    12 |          0 | ScrubOpenCalls"
"Message",Normal,"     8 |          1 | McgFixups"
"Message",Normal,"     7 |          0 | ReducedCopyCleanup"
"Message",Normal,"     5 |          0 | ConvertCatchIntoFilter"
"Message",Normal,"     3 |          1 | Attribute"
"Message",Normal,"     3 |          0 | ValueType"
"Message",Normal,"     2 |          0 | EventSource"
"Message",Normal,"     0 |          0 | ConvertManagedWinMD"
"Message",Normal,"     0 |          1 | ImplementLibraryDynamicInvokeHelpers"
"Message",Normal,"     0 |          0 | ComImportDetector"
"Message",Normal,"     0 |          0 | InjectAppContextSwitches"
"Message",Normal,"     0 |          0 | AddReflectionBlockedAttributes"
"Message",Normal,"     0 |          0 | ResourceManagerCtor"
"Message",Normal,"     0 |          0 | DisableOptimization"
"Message",Low,"Done executing task ""RunILTransforms""."
"Message",Low,"Done building target ""RunILTransforms"" in file ""ILTransforms""."
"Message",Low,"Done building project ""ILTransforms""."
"Message",Low,""
"Message",Low,""
"Message",Low,"Done building target ""GenerateMDIL"" in file ""Nutc""."
"Message",Low,""
"Message",High,"Generating native code"
"Message",Low,"Done building target ""MDILPrepareMultiFile"" in file ""Nutc""."
"Message",Low,""
"Message",Low,"Done building target ""SetBinaryForReferences"" in file ""Nutc""."
"Message",Low,""
"Message",Low,"Task ""GenerateMDILGlobalAnalysis"""
"Message",Normal,"Launching 'C:\Program Files (x86)\Microsoft SDKs\NuGetPackagesFallback\microsoft.net.native.compiler\1.7.2\tools\x86\ilc\Tools\nutc_driver.exe @""C:\Users\Dara\source\repos\mobileApps2017\mobileApps2017\obj\x86\Release\ilc\intermediate\MDIL\mobileApps2017.rsp""'"
"Message",Low,"Microsoft (R) MDIL Compiler - Version 1.7.25916.00"
"Message",Low,"Copyright (c) Microsoft Corporation.  All rights reserved."
"Message",Low,"Scanning input types"
"Message",Low,"Scanning 16653 methods."
"Message",Low,"Scanning 5054 methods."
"Message",Low,"Scanning 3257 methods."
"Message",Low,"Scanning 1962 methods."
"Message",Low,"Scanning 2601 methods."
"Message",Low,"Scanning 1592 methods."
"Message",Low,"Scanning 863 methods."
"Message",Low,"Scanning 811 methods."
"Message",Low,"Scanning 1018 methods."
"Message",Low,"Scanning 1023 methods."
"Message",Low,"Scanning 787 methods."
"Message",Low,"Scanning 497 methods."
"Message",Low,"Scanning 409 methods."
"Message",Low,"Scanning 204 methods."
"Message",Low,"Scanning 95 methods."
"Message",Low,"Scanning 53 methods."
"Message",Low,"Scanning 49 methods."
"Message",Low,"Scanning 24 methods."
"Message",Low,"Scanning 15 methods."
"Message",Low,"Scanning 6 methods."
"Message",Low,"Scanning 1 methods."
"Message",Low,"Scanning 1 methods."
"Message",Low,"Eager code generation"
"Message",Low,"Compiling 36975 methods."
"Message",Low,"Deferred code generation"
"Message",Low,"Compiling 4 methods."
"Message",Low,"Compiling 29 methods."
"Message",Low,"Successfully generated 'C:\Users\Dara\source\repos\mobileApps2017\mobileApps2017\obj\x86\Release\ilc\intermediate\MDIL\mobileApps2017.mdilexe'"
"Message",Low,"Successfully generated 'C:\Users\Dara\source\repos\mobileApps2017\mobileApps2017\obj\x86\Release\ilc\intermediate\MDIL\mobileApps2017.mdilpdb'"
"Message",Normal,"'C:\Program Files (x86)\Microsoft SDKs\NuGetPackagesFallback\microsoft.net.native.compiler\1.7.2\tools\x86\ilc\Tools\nutc_driver.exe @""C:\Users\Dara\source\repos\mobileApps2017\mobileApps2017\obj\x86\Release\ilc\intermediate\MDIL\mobileApps2017.rsp""' completed."
"Message",Normal,"Process execution statistics (all times in milliseconds)"
"Message",Normal,"-----------------------------------------------------------------------------"
"Message",Normal,"launch  |  start   |   stop   |   end    | duration | lifetime | [slot] name"
"Message",Normal,"-----------------------------------------------------------------------------"
"Message",Normal,"       0 |       62 |    46921 |    46921 |    46859 |    46921 | [0] Nutc GlobalAnalysis"
"Message",Normal,"Number of commands:      1"
"Message",Normal,"Total system time:       46921 ms"
"Message",Normal,"System time per command: 46921 ms"
"Message",Normal,"Total duration:          46859 ms"
"Message",Normal,"Total lifetime:          46921 ms"
"Message",Normal,"Requested DOP:           4"
"Message",Normal,"Duration DOP:            1.0"
"Message",Normal,"Lifetime DOP:            1.0"
"Message",Low,"Done executing task ""GenerateMDILGlobalAnalysis""."
"Message",Low,"Done building target ""GenerateMDILGlobalAnalysis"" in file ""Nutc""."
"Message",Low,""
"Message",Low,"Task ""rc"""
"Message",Normal,"Launching 'C:\Program Files (x86)\Windows Kits\10\bin\x64\rc.exe /c ""65001"" /r /fo ""C:\Users\Dara\source\repos\mobileApps2017\mobileApps2017\obj\x86\Release\ilc\intermediate\BuildInfo\BuildInfo.res"" ""C:\Users\Dara\source\repos\mobileApps2017\mobileApps2017\obj\x86\Release\ilc\intermediate\BuildInfo\BuildInfo.rc""'"
"Message",Low,"Microsoft (R) Windows (R) Resource Compiler Version 10.0.10011.16384"
"Message",Low,"Copyright (C) Microsoft Corporation.  All rights reserved."
"Message",Normal,"'C:\Program Files (x86)\Windows Kits\10\bin\x64\rc.exe /c ""65001"" /r /fo ""C:\Users\Dara\source\repos\mobileApps2017\mobileApps2017\obj\x86\Release\ilc\intermediate\BuildInfo\BuildInfo.res"" ""C:\Users\Dara\source\repos\mobileApps2017\mobileApps2017\obj\x86\Release\ilc\intermediate\BuildInfo\BuildInfo.rc""' completed."
"Message",Normal,"Process execution statistics (all times in milliseconds)"
"Message",Normal,"-----------------------------------------------------------------------------"
"Message",Normal,"launch  |  start   |   stop   |   end    | duration | lifetime | [slot] name"
"Message",Normal,"-----------------------------------------------------------------------------"
"Message",Normal,"       0 |       16 |       79 |       79 |       63 |       79 | [0] rc"
"Message",Normal,"Number of commands:      1"
"Message",Normal,"Total system time:       79 ms"
"Message",Normal,"System time per command: 79 ms"
"Message",Normal,"Total duration:          63 ms"
"Message",Normal,"Total lifetime:          79 ms"
"Message",Normal,"Requested DOP:           4"
"Message",Normal,"Duration DOP:            0.8"
"Message",Normal,"Lifetime DOP:            1.0"
"Message",Low,"Done executing task ""rc""."
"Message",Low,"Task ""ResourceBinaryConcatenate"""
"Message",Normal,"Concatenating into 'C:\Users\Dara\source\repos\mobileApps2017\mobileApps2017\obj\x86\Release\ilc\intermediate\Native.res' with alignment '4'."
"Message",Normal," Added 'C:\Users\Dara\source\repos\mobileApps2017\mobileApps2017\obj\x86\Release\ilc\intermediate\ILTransformed\mobileApps2017.res' at offset 0."
"Message",Normal," Added 'C:\Users\Dara\source\repos\mobileApps2017\mobileApps2017\obj\x86\Release\ilc\intermediate\BuildInfo\BuildInfo.res' at offset 1432."
"Message",Low,"Done executing task ""ResourceBinaryConcatenate""."
"Message",Low,"Done building target ""GenerateBuildInfo"" in file ""Nutc""."
"Message",Low,"Done building project ""Nutc""."
"Message",Low,""
"Message",Low,""
"Message",Low,"Done building target ""MDILBindPrepare"" in file ""Binder""."
"Message",Low,""
"Message",High,"Generating fixups for native code"
"Message",Low,"Task ""MDILBind"""
"Message",Normal,"Launching 'C:\Program Files (x86)\Microsoft SDKs\NuGetPackagesFallback\microsoft.net.native.compiler\1.7.2\tools\x86\ilc\Tools\rhbind.exe @""C:\Users\Dara\source\repos\mobileApps2017\mobileApps2017\obj\x86\Release\ilc\intermediate\rhbindargs.mobileApps2017.rsp""'"
"Message",Low,"OS VERSION: major: 6  minor: 2"
"Message",Low,"MDIL: C:\Users\Dara\source\repos\mobileApps2017\mobileApps2017\obj\x86\Release\ilc\intermediate\MDIL\mobileApps2017.mdilexe"
"Message",Low,"MDILPDB: C:\Users\Dara\source\repos\mobileApps2017\mobileApps2017\obj\x86\Release\ilc\intermediate\MDIL\mobileApps2017.mdilpdb"
"Message",Low,"IL: C:\Users\Dara\source\repos\mobileApps2017\mobileApps2017\obj\x86\Release\ilc\intermediate\MDIL\mobileApps2017.ilexe"
"Message",Low,"NI: C:\Users\Dara\source\repos\mobileApps2017\mobileApps2017\obj\x86\Release\ilc\intermediate\Native\mobileApps2017.dll"
"Message",Low,"SHIM: C:\Users\Dara\source\repos\mobileApps2017\mobileApps2017\obj\x86\Release\ilc\intermediate\Native\mobileApps2017.exe"
"Message",Low,"REDHAWK_RUNTIME_DLL_NAME_A=mrt100_app.dll"
"Message",Low,"pdb: C:\Users\Dara\source\repos\mobileApps2017\mobileApps2017\obj\x86\Release\ilc\intermediate\Native\mobileApps2017.pdb"
"Message",Low,"Produced C:\Users\Dara\source\repos\mobileApps2017\mobileApps2017\obj\x86\Release\ilc\intermediate\Native\mobileApps2017.dll in 3.292 seconds"
"Message",Normal,"'C:\Program Files (x86)\Microsoft SDKs\NuGetPackagesFallback\microsoft.net.native.compiler\1.7.2\tools\x86\ilc\Tools\rhbind.exe @""C:\Users\Dara\source\repos\mobileApps2017\mobileApps2017\obj\x86\Release\ilc\intermediate\rhbindargs.mobileApps2017.rsp""' completed."
"Message",Normal,"Process execution statistics (all times in milliseconds)"
"Message",Normal,"-----------------------------------------------------------------------------"
"Message",Normal,"launch  |  start   |   stop   |   end    | duration | lifetime | [slot] name"
"Message",Normal,"-----------------------------------------------------------------------------"
"Message",Normal,"       0 |       31 |     3406 |     3406 |     3375 |     3406 | [0] rhbind mobileApps2017"
"Message",Normal,"Number of commands:      1"
"Message",Normal,"Total system time:       3406 ms"
"Message",Normal,"System time per command: 3406 ms"
"Message",Normal,"Total duration:          3375 ms"
"Message",Normal,"Total lifetime:          3406 ms"
"Message",Normal,"Requested DOP:           4"
"Message",Normal,"Duration DOP:            1.0"
"Message",Normal,"Lifetime DOP:            1.0"
"Message",Low,"Done executing task ""MDILBind""."
"Message",Low,"Done building target ""MDILBind"" in file ""Binder""."
"Message",Low,"Done building project ""Binder""."
"Message",Low,""
"Message",Low,""
"Message",Low,"Done building target ""CopyNativeExecutablesToOutput"" in file ""Deployment""."
"Message",Low,""
"Message",Low,"Done building target ""CopyExtractedResourcesToOutput"" in file ""Deployment""."
"Message",Low,""
"Message",Low,"Task ""TransformAppxManifest"""
"Message",Low,"Done executing task ""TransformAppxManifest""."
"Message",Low,"Done building target ""TransformAppxManifestAndAddCrt"" in file ""Deployment""."
"Message",Low,""
"Message",Low,"Done building target ""CopyPackageResourceFileInRetailBuild"" in file ""Deployment""."
"Message",Low,"Done building project ""Deployment""."
"Message",Low,"Compilation finished"
